"0","clust_dat <- MC_MERGED %>% select(months.between.incident.and.death, Age, latitude, longitude)"
"0","clust_dat <- na.omit(clust_dat)"
"0","kmeans1<-clust_dat%>% scale %>% kmeans(2)"
"0","kmeans1"
"1","K-means clustering with "
"1",""
"1","2"
"1",""
"1"," clusters of sizes "
"1",""
"1","17337, 12795"
"1",""
"1","
"
"1","
Cluster means:
"
"1"," "
"1"," months.between.incident.and.death"
"1","        Age"
"1","
1"
"1","                        0.01368351"
"1"," -0.3060648"
"1","
2"
"1","                       -0.01854091"
"1","  0.4147125"
"1","
"
"1"," "
"1","   latitude"
"1","  longitude"
"1","
1"
"1"," -0.5801678"
"1","  0.4866169"
"1","
2"
"1","  0.7861172"
"1"," -0.6593574"
"1","
"
"1","
Clustering vector:
"
"1","   [1]"
"1"," 2"
"1"," 2"
"1"," 1"
"1"," 2"
"1"," 2"
"1"," 1"
"1"," 2"
"1"," 1"
"1"," 2"
"1"," 2"
"1"," 2"
"1"," 2"
"1"," 2"
"1"," 2"
"1"," 1"
"1"," 1"
"1"," 1"
"1"," 1"
"1"," 1"
"1"," 2"
"1"," 1"
"1"," 1"
"1"," 2"
"1","
"
"1","  [24]"
"1"," 2"
"1"," 1"
"1"," 2"
"1"," 1"
"1"," 1"
"1"," 2"
"1"," 1"
"1"," 1"
"1"," 1"
"1"," 1"
"1"," 2"
"1"," 2"
"1"," 2"
"1"," 1"
"1"," 1"
"1"," 2"
"1"," 1"
"1"," 1"
"1"," 1"
"1"," 1"
"1"," 2"
"1"," 2"
"1"," 2"
"1","
"
"1","  [47]"
"1"," 2"
"1"," 1"
"1"," 1"
"1"," 1"
"1"," 2"
"1"," 1"
"1"," 1"
"1"," 1"
"1"," 2"
"1"," 2"
"1"," 2"
"1"," 1"
"1"," 1"
"1"," 1"
"1"," 2"
"1"," 2"
"1"," 1"
"1"," 2"
"1"," 1"
"1"," 1"
"1"," 2"
"1"," 2"
"1"," 1"
"1","
"
"1","  [70]"
"1"," 1"
"1"," 2"
"1"," 2"
"1"," 1"
"1"," 2"
"1"," 1"
"1"," 1"
"1"," 1"
"1"," 2"
"1"," 1"
"1"," 1"
"1"," 1"
"1"," 2"
"1"," 2"
"1"," 1"
"1"," 1"
"1"," 2"
"1"," 1"
"1"," 1"
"1"," 2"
"1"," 1"
"1"," 1"
"1"," 2"
"1","
"
"1","  [93]"
"1"," 2"
"1"," 2"
"1"," 1"
"1"," 2"
"1"," 1"
"1"," 1"
"1"," 2"
"1"," 1"
"1"," 1"
"1"," 2"
"1"," 2"
"1"," 1"
"1"," 1"
"1"," 1"
"1"," 1"
"1"," 1"
"1"," 1"
"1"," 1"
"1"," 1"
"1"," 1"
"1"," 2"
"1"," 1"
"1"," 2"
"1","
"
"1"," [116]"
"1"," 1"
"1"," 1"
"1"," 2"
"1"," 1"
"1"," 2"
"1"," 2"
"1"," 1"
"1"," 1"
"1"," 2"
"1"," 2"
"1"," 2"
"1"," 1"
"1"," 2"
"1"," 1"
"1"," 2"
"1"," 1"
"1"," 1"
"1"," 2"
"1"," 1"
"1"," 1"
"1"," 1"
"1"," 2"
"1"," 1"
"1","
"
"1"," [139]"
"1"," 1"
"1"," 2"
"1"," 2"
"1"," 2"
"1"," 2"
"1"," 1"
"1"," 2"
"1"," 2"
"1"," 1"
"1"," 2"
"1"," 1"
"1"," 1"
"1"," 2"
"1"," 1"
"1"," 1"
"1"," 1"
"1"," 2"
"1"," 1"
"1"," 1"
"1"," 1"
"1"," 2"
"1"," 1"
"1"," 1"
"1","
"
"1"," [162]"
"1"," 2"
"1"," 2"
"1"," 2"
"1"," 1"
"1"," 1"
"1"," 2"
"1"," 1"
"1"," 1"
"1"," 1"
"1"," 1"
"1"," 2"
"1"," 1"
"1"," 1"
"1"," 2"
"1"," 2"
"1"," 1"
"1"," 1"
"1"," 1"
"1"," 2"
"1"," 1"
"1"," 1"
"1"," 2"
"1"," 2"
"1","
"
"1"," [185]"
"1"," 1"
"1"," 1"
"1"," 1"
"1"," 1"
"1"," 2"
"1"," 1"
"1"," 1"
"1"," 1"
"1"," 1"
"1"," 2"
"1"," 2"
"1"," 2"
"1"," 2"
"1"," 2"
"1"," 1"
"1"," 2"
"1"," 2"
"1"," 2"
"1"," 1"
"1"," 1"
"1"," 2"
"1"," 1"
"1"," 1"
"1","
"
"1"," [208]"
"1"," 2"
"1"," 1"
"1"," 2"
"1"," 2"
"1"," 1"
"1"," 1"
"1"," 2"
"1"," 2"
"1"," 1"
"1"," 2"
"1"," 2"
"1"," 1"
"1"," 2"
"1"," 1"
"1"," 1"
"1"," 2"
"1"," 1"
"1"," 1"
"1"," 1"
"1"," 2"
"1"," 1"
"1"," 1"
"1"," 1"
"1","
"
"1"," [231]"
"1"," 1"
"1"," 2"
"1"," 2"
"1"," 1"
"1"," 1"
"1"," 1"
"1"," 1"
"1"," 1"
"1"," 1"
"1"," 1"
"1"," 2"
"1"," 1"
"1"," 2"
"1"," 1"
"1"," 2"
"1"," 1"
"1"," 2"
"1"," 1"
"1"," 1"
"1"," 1"
"1"," 1"
"1"," 1"
"1"," 1"
"1","
"
"1"," [254]"
"1"," 2"
"1"," 1"
"1"," 1"
"1"," 2"
"1"," 2"
"1"," 1"
"1"," 1"
"1"," 2"
"1"," 1"
"1"," 2"
"1"," 1"
"1"," 2"
"1"," 2"
"1"," 2"
"1"," 1"
"1"," 1"
"1"," 2"
"1"," 1"
"1"," 1"
"1"," 2"
"1"," 2"
"1"," 1"
"1"," 2"
"1","
"
"1"," [277]"
"1"," 2"
"1"," 1"
"1"," 1"
"1"," 1"
"1"," 1"
"1"," 1"
"1"," 2"
"1"," 1"
"1"," 2"
"1"," 1"
"1"," 2"
"1"," 2"
"1"," 1"
"1"," 1"
"1"," 2"
"1"," 2"
"1"," 2"
"1"," 2"
"1"," 2"
"1"," 2"
"1"," 1"
"1"," 1"
"1"," 1"
"1","
"
"1"," [300]"
"1"," 1"
"1"," 1"
"1"," 1"
"1"," 1"
"1"," 2"
"1"," 1"
"1"," 1"
"1"," 2"
"1"," 1"
"1"," 1"
"1"," 1"
"1"," 1"
"1"," 1"
"1"," 2"
"1"," 1"
"1"," 2"
"1"," 2"
"1"," 1"
"1"," 2"
"1"," 1"
"1"," 2"
"1"," 2"
"1"," 2"
"1","
"
"1"," [323]"
"1"," 2"
"1"," 1"
"1"," 2"
"1"," 2"
"1"," 1"
"1"," 1"
"1"," 1"
"1"," 2"
"1"," 1"
"1"," 1"
"1"," 2"
"1"," 2"
"1"," 2"
"1"," 1"
"1"," 2"
"1"," 1"
"1"," 1"
"1"," 2"
"1"," 2"
"1"," 1"
"1"," 2"
"1"," 2"
"1"," 2"
"1","
"
"1"," [346]"
"1"," 2"
"1"," 2"
"1"," 1"
"1"," 1"
"1"," 1"
"1"," 2"
"1"," 2"
"1"," 2"
"1"," 1"
"1"," 2"
"1"," 2"
"1"," 1"
"1"," 2"
"1"," 2"
"1"," 2"
"1"," 2"
"1"," 1"
"1"," 1"
"1"," 2"
"1"," 1"
"1"," 1"
"1"," 2"
"1"," 1"
"1","
"
"1"," [369]"
"1"," 2"
"1"," 2"
"1"," 1"
"1"," 2"
"1"," 2"
"1"," 1"
"1"," 2"
"1"," 2"
"1"," 1"
"1"," 2"
"1"," 2"
"1"," 2"
"1"," 2"
"1"," 1"
"1"," 1"
"1"," 2"
"1"," 1"
"1"," 2"
"1"," 1"
"1"," 1"
"1"," 2"
"1"," 2"
"1"," 2"
"1","
"
"1"," [392]"
"1"," 2"
"1"," 1"
"1"," 2"
"1"," 2"
"1"," 2"
"1"," 1"
"1"," 1"
"1"," 2"
"1"," 1"
"1"," 2"
"1"," 2"
"1"," 1"
"1"," 1"
"1"," 1"
"1"," 2"
"1"," 2"
"1"," 1"
"1"," 2"
"1"," 1"
"1"," 2"
"1"," 2"
"1"," 2"
"1"," 2"
"1","
"
"1"," [415]"
"1"," 1"
"1"," 1"
"1"," 2"
"1"," 1"
"1"," 1"
"1"," 1"
"1"," 1"
"1"," 1"
"1"," 1"
"1"," 2"
"1"," 1"
"1"," 2"
"1"," 2"
"1"," 2"
"1"," 1"
"1"," 2"
"1"," 1"
"1"," 1"
"1"," 1"
"1"," 2"
"1"," 1"
"1"," 2"
"1"," 1"
"1","
"
"1"," [438]"
"1"," 2"
"1"," 1"
"1"," 2"
"1"," 1"
"1"," 1"
"1"," 1"
"1"," 1"
"1"," 1"
"1"," 1"
"1"," 1"
"1"," 1"
"1"," 2"
"1"," 1"
"1"," 1"
"1"," 1"
"1"," 2"
"1"," 2"
"1"," 1"
"1"," 2"
"1"," 2"
"1"," 1"
"1"," 1"
"1"," 1"
"1","
"
"1"," [461]"
"1"," 2"
"1"," 2"
"1"," 1"
"1"," 1"
"1"," 1"
"1"," 1"
"1"," 1"
"1"," 1"
"1"," 2"
"1"," 2"
"1"," 2"
"1"," 1"
"1"," 1"
"1"," 1"
"1"," 1"
"1"," 1"
"1"," 1"
"1"," 1"
"1"," 1"
"1"," 2"
"1"," 1"
"1"," 1"
"1"," 1"
"1","
"
"1"," [484]"
"1"," 2"
"1"," 1"
"1"," 2"
"1"," 1"
"1"," 1"
"1"," 2"
"1"," 1"
"1"," 1"
"1"," 2"
"1"," 2"
"1"," 2"
"1"," 1"
"1"," 2"
"1"," 2"
"1"," 2"
"1"," 1"
"1"," 2"
"1"," 1"
"1"," 1"
"1"," 1"
"1"," 1"
"1"," 2"
"1"," 2"
"1","
"
"1"," [507]"
"1"," 1"
"1"," 2"
"1"," 1"
"1"," 1"
"1"," 1"
"1"," 1"
"1"," 2"
"1"," 1"
"1"," 2"
"1"," 2"
"1"," 1"
"1"," 1"
"1"," 1"
"1"," 1"
"1"," 2"
"1"," 2"
"1"," 1"
"1"," 2"
"1"," 2"
"1"," 1"
"1"," 2"
"1"," 1"
"1"," 1"
"1","
"
"1"," [530]"
"1"," 1"
"1"," 1"
"1"," 2"
"1"," 2"
"1"," 1"
"1"," 1"
"1"," 2"
"1"," 2"
"1"," 1"
"1"," 1"
"1"," 2"
"1"," 1"
"1"," 2"
"1"," 2"
"1"," 1"
"1"," 1"
"1"," 2"
"1"," 1"
"1"," 2"
"1"," 1"
"1"," 1"
"1"," 1"
"1"," 1"
"1","
"
"1"," [553]"
"1"," 1"
"1"," 1"
"1"," 1"
"1"," 2"
"1"," 2"
"1"," 1"
"1"," 2"
"1"," 1"
"1"," 2"
"1"," 1"
"1"," 2"
"1"," 2"
"1"," 1"
"1"," 2"
"1"," 1"
"1"," 1"
"1"," 2"
"1"," 1"
"1"," 2"
"1"," 1"
"1"," 1"
"1"," 2"
"1"," 2"
"1","
"
"1"," [576]"
"1"," 1"
"1"," 2"
"1"," 1"
"1"," 1"
"1"," 1"
"1"," 2"
"1"," 2"
"1"," 1"
"1"," 2"
"1"," 1"
"1"," 2"
"1"," 1"
"1"," 1"
"1"," 1"
"1"," 1"
"1"," 2"
"1"," 2"
"1"," 1"
"1"," 1"
"1"," 2"
"1"," 2"
"1"," 1"
"1"," 1"
"1","
"
"1"," [599]"
"1"," 2"
"1"," 1"
"1"," 2"
"1"," 1"
"1"," 1"
"1"," 1"
"1"," 2"
"1"," 2"
"1"," 1"
"1"," 1"
"1"," 1"
"1"," 1"
"1"," 1"
"1"," 2"
"1"," 2"
"1"," 1"
"1"," 1"
"1"," 2"
"1"," 1"
"1"," 2"
"1"," 2"
"1"," 1"
"1"," 1"
"1","
"
"1"," [622]"
"1"," 2"
"1"," 2"
"1"," 1"
"1"," 1"
"1"," 2"
"1"," 1"
"1"," 2"
"1"," 2"
"1"," 1"
"1"," 1"
"1"," 1"
"1"," 1"
"1"," 1"
"1"," 2"
"1"," 2"
"1"," 1"
"1"," 1"
"1"," 2"
"1"," 2"
"1"," 2"
"1"," 1"
"1"," 1"
"1"," 2"
"1","
"
"1"," [645]"
"1"," 2"
"1"," 1"
"1"," 2"
"1"," 1"
"1"," 2"
"1"," 2"
"1"," 1"
"1"," 2"
"1"," 1"
"1"," 1"
"1"," 2"
"1"," 1"
"1"," 2"
"1"," 2"
"1"," 1"
"1"," 2"
"1"," 1"
"1"," 1"
"1"," 2"
"1"," 2"
"1"," 2"
"1"," 1"
"1"," 1"
"1","
"
"1"," [668]"
"1"," 1"
"1"," 2"
"1"," 1"
"1"," 1"
"1"," 2"
"1"," 1"
"1"," 1"
"1"," 1"
"1"," 2"
"1"," 2"
"1"," 1"
"1"," 2"
"1"," 1"
"1"," 1"
"1"," 2"
"1"," 2"
"1"," 2"
"1"," 2"
"1"," 2"
"1"," 2"
"1"," 1"
"1"," 2"
"1"," 2"
"1","
"
"1"," [691]"
"1"," 1"
"1"," 2"
"1"," 1"
"1"," 2"
"1"," 2"
"1"," 2"
"1"," 2"
"1"," 1"
"1"," 1"
"1"," 2"
"1"," 1"
"1"," 1"
"1"," 1"
"1"," 1"
"1"," 1"
"1"," 1"
"1"," 1"
"1"," 1"
"1"," 2"
"1"," 1"
"1"," 1"
"1"," 1"
"1"," 2"
"1","
"
"1"," [714]"
"1"," 1"
"1"," 1"
"1"," 2"
"1"," 2"
"1"," 1"
"1"," 1"
"1"," 1"
"1"," 1"
"1"," 1"
"1"," 1"
"1"," 2"
"1"," 2"
"1"," 1"
"1"," 1"
"1"," 2"
"1"," 2"
"1"," 1"
"1"," 1"
"1"," 2"
"1"," 1"
"1"," 1"
"1"," 1"
"1"," 1"
"1","
"
"1"," [737]"
"1"," 2"
"1"," 2"
"1"," 2"
"1"," 1"
"1"," 2"
"1"," 1"
"1"," 2"
"1"," 1"
"1"," 1"
"1"," 2"
"1"," 2"
"1"," 1"
"1"," 1"
"1"," 1"
"1"," 2"
"1"," 1"
"1"," 1"
"1"," 2"
"1"," 1"
"1"," 2"
"1"," 1"
"1"," 1"
"1"," 2"
"1","
"
"1"," [760]"
"1"," 1"
"1"," 1"
"1"," 1"
"1"," 1"
"1"," 2"
"1"," 1"
"1"," 1"
"1"," 2"
"1"," 2"
"1"," 2"
"1"," 2"
"1"," 1"
"1"," 2"
"1"," 1"
"1"," 2"
"1"," 1"
"1"," 2"
"1"," 2"
"1"," 1"
"1"," 1"
"1"," 1"
"1"," 2"
"1"," 1"
"1","
"
"1"," [783]"
"1"," 1"
"1"," 1"
"1"," 2"
"1"," 1"
"1"," 1"
"1"," 2"
"1"," 2"
"1"," 1"
"1"," 1"
"1"," 2"
"1"," 1"
"1"," 1"
"1"," 2"
"1"," 1"
"1"," 1"
"1"," 2"
"1"," 1"
"1"," 1"
"1"," 2"
"1"," 2"
"1"," 2"
"1"," 1"
"1"," 1"
"1","
"
"1"," [806]"
"1"," 1"
"1"," 1"
"1"," 2"
"1"," 1"
"1"," 1"
"1"," 2"
"1"," 1"
"1"," 1"
"1"," 1"
"1"," 2"
"1"," 2"
"1"," 2"
"1"," 1"
"1"," 1"
"1"," 1"
"1"," 1"
"1"," 2"
"1"," 2"
"1"," 1"
"1"," 1"
"1"," 1"
"1"," 1"
"1"," 1"
"1","
"
"1"," [829]"
"1"," 2"
"1"," 1"
"1"," 1"
"1"," 1"
"1"," 1"
"1"," 1"
"1"," 2"
"1"," 2"
"1"," 2"
"1"," 1"
"1"," 2"
"1"," 1"
"1"," 1"
"1"," 2"
"1"," 2"
"1"," 2"
"1"," 1"
"1"," 1"
"1"," 1"
"1"," 2"
"1"," 1"
"1"," 1"
"1"," 1"
"1","
"
"1"," [852]"
"1"," 2"
"1"," 1"
"1"," 1"
"1"," 2"
"1"," 1"
"1"," 1"
"1"," 1"
"1"," 2"
"1"," 1"
"1"," 1"
"1"," 1"
"1"," 2"
"1"," 1"
"1"," 1"
"1"," 2"
"1"," 1"
"1"," 1"
"1"," 2"
"1"," 1"
"1"," 1"
"1"," 1"
"1"," 1"
"1"," 2"
"1","
"
"1"," [875]"
"1"," 2"
"1"," 1"
"1"," 1"
"1"," 2"
"1"," 2"
"1"," 1"
"1"," 1"
"1"," 2"
"1"," 1"
"1"," 2"
"1"," 1"
"1"," 2"
"1"," 1"
"1"," 2"
"1"," 1"
"1"," 2"
"1"," 1"
"1"," 1"
"1"," 2"
"1"," 1"
"1"," 2"
"1"," 1"
"1"," 1"
"1","
"
"1"," [898]"
"1"," 1"
"1"," 2"
"1"," 2"
"1"," 2"
"1"," 1"
"1"," 2"
"1"," 2"
"1"," 1"
"1"," 2"
"1"," 2"
"1"," 1"
"1"," 1"
"1"," 1"
"1"," 1"
"1"," 2"
"1"," 2"
"1"," 1"
"1"," 1"
"1"," 2"
"1"," 2"
"1"," 2"
"1"," 1"
"1"," 2"
"1","
"
"1"," [921]"
"1"," 1"
"1"," 1"
"1"," 1"
"1"," 1"
"1"," 1"
"1"," 2"
"1"," 1"
"1"," 2"
"1"," 2"
"1"," 2"
"1"," 1"
"1"," 1"
"1"," 2"
"1"," 1"
"1"," 2"
"1"," 1"
"1"," 1"
"1"," 1"
"1"," 2"
"1"," 2"
"1"," 2"
"1"," 2"
"1"," 1"
"1","
"
"1"," [944]"
"1"," 2"
"1"," 1"
"1"," 2"
"1"," 1"
"1"," 1"
"1"," 1"
"1"," 1"
"1"," 2"
"1"," 1"
"1"," 1"
"1"," 1"
"1"," 2"
"1"," 1"
"1"," 1"
"1"," 1"
"1"," 1"
"1"," 2"
"1"," 2"
"1"," 1"
"1"," 1"
"1"," 1"
"1"," 1"
"1"," 1"
"1","
"
"1"," [967]"
"1"," 1"
"1"," 1"
"1"," 1"
"1"," 2"
"1"," 1"
"1"," 1"
"1"," 2"
"1"," 1"
"1"," 1"
"1"," 2"
"1"," 2"
"1"," 2"
"1"," 2"
"1"," 1"
"1"," 1"
"1"," 1"
"1"," 1"
"1"," 1"
"1"," 1"
"1"," 1"
"1"," 1"
"1"," 1"
"1"," 1"
"1","
"
"1"," [990]"
"1"," 2"
"1"," 1"
"1"," 1"
"1"," 2"
"1"," 1"
"1"," 1"
"1"," 2"
"1"," 1"
"1"," 2"
"1"," 1"
"1"," 1"
"1","
"
"1"," [ reached getOption(""max.print"") -- omitted 29132 entries ]
"
"1","
Within cluster sum of squares by cluster:
"
"1","[1]"
"1"," 55618.32"
"1"," 37662.83"
"1","
"
"1"," (between_SS / total_SS =  22.6 %)
"
"1","
"
"1","Available components:
"
"1","
"
"1","[1]"
"1"," ""cluster""     "
"1"," ""centers""     "
"1"," ""totss""       "
"1","
"
"1","[4]"
"1"," ""withinss""    "
"1"," ""tot.withinss"""
"1"," ""betweenss""   "
"1","
"
"1","[7]"
"1"," ""size""        "
"1"," ""iter""        "
"1"," ""ifault""      "
"1","
"
"0","kmeans1$size"
"1","[1]"
"1"," 17337"
"1"," 12795"
"1","
"
"0","kmeans1$centers"
"1"," "
"1"," months.between.incident.and.death"
"1","        Age"
"1","
1"
"1","                        0.01368351"
"1"," -0.3060648"
"1","
2"
"1","                       -0.01854091"
"1","  0.4147125"
"1","
"
"1"," "
"1","   latitude"
"1","  longitude"
"1","
1"
"1"," -0.5801678"
"1","  0.4866169"
"1","
2"
"1","  0.7861172"
"1"," -0.6593574"
"1","
"
"0","kmeans1$cluster"
"1","   [1]"
"1"," 2"
"1"," 2"
"1"," 1"
"1"," 2"
"1"," 2"
"1"," 1"
"1"," 2"
"1"," 1"
"1"," 2"
"1"," 2"
"1"," 2"
"1"," 2"
"1"," 2"
"1"," 2"
"1"," 1"
"1"," 1"
"1"," 1"
"1"," 1"
"1"," 1"
"1"," 2"
"1"," 1"
"1"," 1"
"1"," 2"
"1","
"
"1","  [24]"
"1"," 2"
"1"," 1"
"1"," 2"
"1"," 1"
"1"," 1"
"1"," 2"
"1"," 1"
"1"," 1"
"1"," 1"
"1"," 1"
"1"," 2"
"1"," 2"
"1"," 2"
"1"," 1"
"1"," 1"
"1"," 2"
"1"," 1"
"1"," 1"
"1"," 1"
"1"," 1"
"1"," 2"
"1"," 2"
"1"," 2"
"1","
"
"1","  [47]"
"1"," 2"
"1"," 1"
"1"," 1"
"1"," 1"
"1"," 2"
"1"," 1"
"1"," 1"
"1"," 1"
"1"," 2"
"1"," 2"
"1"," 2"
"1"," 1"
"1"," 1"
"1"," 1"
"1"," 2"
"1"," 2"
"1"," 1"
"1"," 2"
"1"," 1"
"1"," 1"
"1"," 2"
"1"," 2"
"1"," 1"
"1","
"
"1","  [70]"
"1"," 1"
"1"," 2"
"1"," 2"
"1"," 1"
"1"," 2"
"1"," 1"
"1"," 1"
"1"," 1"
"1"," 2"
"1"," 1"
"1"," 1"
"1"," 1"
"1"," 2"
"1"," 2"
"1"," 1"
"1"," 1"
"1"," 2"
"1"," 1"
"1"," 1"
"1"," 2"
"1"," 1"
"1"," 1"
"1"," 2"
"1","
"
"1","  [93]"
"1"," 2"
"1"," 2"
"1"," 1"
"1"," 2"
"1"," 1"
"1"," 1"
"1"," 2"
"1"," 1"
"1"," 1"
"1"," 2"
"1"," 2"
"1"," 1"
"1"," 1"
"1"," 1"
"1"," 1"
"1"," 1"
"1"," 1"
"1"," 1"
"1"," 1"
"1"," 1"
"1"," 2"
"1"," 1"
"1"," 2"
"1","
"
"1"," [116]"
"1"," 1"
"1"," 1"
"1"," 2"
"1"," 1"
"1"," 2"
"1"," 2"
"1"," 1"
"1"," 1"
"1"," 2"
"1"," 2"
"1"," 2"
"1"," 1"
"1"," 2"
"1"," 1"
"1"," 2"
"1"," 1"
"1"," 1"
"1"," 2"
"1"," 1"
"1"," 1"
"1"," 1"
"1"," 2"
"1"," 1"
"1","
"
"1"," [139]"
"1"," 1"
"1"," 2"
"1"," 2"
"1"," 2"
"1"," 2"
"1"," 1"
"1"," 2"
"1"," 2"
"1"," 1"
"1"," 2"
"1"," 1"
"1"," 1"
"1"," 2"
"1"," 1"
"1"," 1"
"1"," 1"
"1"," 2"
"1"," 1"
"1"," 1"
"1"," 1"
"1"," 2"
"1"," 1"
"1"," 1"
"1","
"
"1"," [162]"
"1"," 2"
"1"," 2"
"1"," 2"
"1"," 1"
"1"," 1"
"1"," 2"
"1"," 1"
"1"," 1"
"1"," 1"
"1"," 1"
"1"," 2"
"1"," 1"
"1"," 1"
"1"," 2"
"1"," 2"
"1"," 1"
"1"," 1"
"1"," 1"
"1"," 2"
"1"," 1"
"1"," 1"
"1"," 2"
"1"," 2"
"1","
"
"1"," [185]"
"1"," 1"
"1"," 1"
"1"," 1"
"1"," 1"
"1"," 2"
"1"," 1"
"1"," 1"
"1"," 1"
"1"," 1"
"1"," 2"
"1"," 2"
"1"," 2"
"1"," 2"
"1"," 2"
"1"," 1"
"1"," 2"
"1"," 2"
"1"," 2"
"1"," 1"
"1"," 1"
"1"," 2"
"1"," 1"
"1"," 1"
"1","
"
"1"," [208]"
"1"," 2"
"1"," 1"
"1"," 2"
"1"," 2"
"1"," 1"
"1"," 1"
"1"," 2"
"1"," 2"
"1"," 1"
"1"," 2"
"1"," 2"
"1"," 1"
"1"," 2"
"1"," 1"
"1"," 1"
"1"," 2"
"1"," 1"
"1"," 1"
"1"," 1"
"1"," 2"
"1"," 1"
"1"," 1"
"1"," 1"
"1","
"
"1"," [231]"
"1"," 1"
"1"," 2"
"1"," 2"
"1"," 1"
"1"," 1"
"1"," 1"
"1"," 1"
"1"," 1"
"1"," 1"
"1"," 1"
"1"," 2"
"1"," 1"
"1"," 2"
"1"," 1"
"1"," 2"
"1"," 1"
"1"," 2"
"1"," 1"
"1"," 1"
"1"," 1"
"1"," 1"
"1"," 1"
"1"," 1"
"1","
"
"1"," [254]"
"1"," 2"
"1"," 1"
"1"," 1"
"1"," 2"
"1"," 2"
"1"," 1"
"1"," 1"
"1"," 2"
"1"," 1"
"1"," 2"
"1"," 1"
"1"," 2"
"1"," 2"
"1"," 2"
"1"," 1"
"1"," 1"
"1"," 2"
"1"," 1"
"1"," 1"
"1"," 2"
"1"," 2"
"1"," 1"
"1"," 2"
"1","
"
"1"," [277]"
"1"," 2"
"1"," 1"
"1"," 1"
"1"," 1"
"1"," 1"
"1"," 1"
"1"," 2"
"1"," 1"
"1"," 2"
"1"," 1"
"1"," 2"
"1"," 2"
"1"," 1"
"1"," 1"
"1"," 2"
"1"," 2"
"1"," 2"
"1"," 2"
"1"," 2"
"1"," 2"
"1"," 1"
"1"," 1"
"1"," 1"
"1","
"
"1"," [300]"
"1"," 1"
"1"," 1"
"1"," 1"
"1"," 1"
"1"," 2"
"1"," 1"
"1"," 1"
"1"," 2"
"1"," 1"
"1"," 1"
"1"," 1"
"1"," 1"
"1"," 1"
"1"," 2"
"1"," 1"
"1"," 2"
"1"," 2"
"1"," 1"
"1"," 2"
"1"," 1"
"1"," 2"
"1"," 2"
"1"," 2"
"1","
"
"1"," [323]"
"1"," 2"
"1"," 1"
"1"," 2"
"1"," 2"
"1"," 1"
"1"," 1"
"1"," 1"
"1"," 2"
"1"," 1"
"1"," 1"
"1"," 2"
"1"," 2"
"1"," 2"
"1"," 1"
"1"," 2"
"1"," 1"
"1"," 1"
"1"," 2"
"1"," 2"
"1"," 1"
"1"," 2"
"1"," 2"
"1"," 2"
"1","
"
"1"," [346]"
"1"," 2"
"1"," 2"
"1"," 1"
"1"," 1"
"1"," 1"
"1"," 2"
"1"," 2"
"1"," 2"
"1"," 1"
"1"," 2"
"1"," 2"
"1"," 1"
"1"," 2"
"1"," 2"
"1"," 2"
"1"," 2"
"1"," 1"
"1"," 1"
"1"," 2"
"1"," 1"
"1"," 1"
"1"," 2"
"1"," 1"
"1","
"
"1"," [369]"
"1"," 2"
"1"," 2"
"1"," 1"
"1"," 2"
"1"," 2"
"1"," 1"
"1"," 2"
"1"," 2"
"1"," 1"
"1"," 2"
"1"," 2"
"1"," 2"
"1"," 2"
"1"," 1"
"1"," 1"
"1"," 2"
"1"," 1"
"1"," 2"
"1"," 1"
"1"," 1"
"1"," 2"
"1"," 2"
"1"," 2"
"1","
"
"1"," [392]"
"1"," 2"
"1"," 1"
"1"," 2"
"1"," 2"
"1"," 2"
"1"," 1"
"1"," 1"
"1"," 2"
"1"," 1"
"1"," 2"
"1"," 2"
"1"," 1"
"1"," 1"
"1"," 1"
"1"," 2"
"1"," 2"
"1"," 1"
"1"," 2"
"1"," 1"
"1"," 2"
"1"," 2"
"1"," 2"
"1"," 2"
"1","
"
"1"," [415]"
"1"," 1"
"1"," 1"
"1"," 2"
"1"," 1"
"1"," 1"
"1"," 1"
"1"," 1"
"1"," 1"
"1"," 1"
"1"," 2"
"1"," 1"
"1"," 2"
"1"," 2"
"1"," 2"
"1"," 1"
"1"," 2"
"1"," 1"
"1"," 1"
"1"," 1"
"1"," 2"
"1"," 1"
"1"," 2"
"1"," 1"
"1","
"
"1"," [438]"
"1"," 2"
"1"," 1"
"1"," 2"
"1"," 1"
"1"," 1"
"1"," 1"
"1"," 1"
"1"," 1"
"1"," 1"
"1"," 1"
"1"," 1"
"1"," 2"
"1"," 1"
"1"," 1"
"1"," 1"
"1"," 2"
"1"," 2"
"1"," 1"
"1"," 2"
"1"," 2"
"1"," 1"
"1"," 1"
"1"," 1"
"1","
"
"1"," [461]"
"1"," 2"
"1"," 2"
"1"," 1"
"1"," 1"
"1"," 1"
"1"," 1"
"1"," 1"
"1"," 1"
"1"," 2"
"1"," 2"
"1"," 2"
"1"," 1"
"1"," 1"
"1"," 1"
"1"," 1"
"1"," 1"
"1"," 1"
"1"," 1"
"1"," 1"
"1"," 2"
"1"," 1"
"1"," 1"
"1"," 1"
"1","
"
"1"," [484]"
"1"," 2"
"1"," 1"
"1"," 2"
"1"," 1"
"1"," 1"
"1"," 2"
"1"," 1"
"1"," 1"
"1"," 2"
"1"," 2"
"1"," 2"
"1"," 1"
"1"," 2"
"1"," 2"
"1"," 2"
"1"," 1"
"1"," 2"
"1"," 1"
"1"," 1"
"1"," 1"
"1"," 1"
"1"," 2"
"1"," 2"
"1","
"
"1"," [507]"
"1"," 1"
"1"," 2"
"1"," 1"
"1"," 1"
"1"," 1"
"1"," 1"
"1"," 2"
"1"," 1"
"1"," 2"
"1"," 2"
"1"," 1"
"1"," 1"
"1"," 1"
"1"," 1"
"1"," 2"
"1"," 2"
"1"," 1"
"1"," 2"
"1"," 2"
"1"," 1"
"1"," 2"
"1"," 1"
"1"," 1"
"1","
"
"1"," [530]"
"1"," 1"
"1"," 1"
"1"," 2"
"1"," 2"
"1"," 1"
"1"," 1"
"1"," 2"
"1"," 2"
"1"," 1"
"1"," 1"
"1"," 2"
"1"," 1"
"1"," 2"
"1"," 2"
"1"," 1"
"1"," 1"
"1"," 2"
"1"," 1"
"1"," 2"
"1"," 1"
"1"," 1"
"1"," 1"
"1"," 1"
"1","
"
"1"," [553]"
"1"," 1"
"1"," 1"
"1"," 1"
"1"," 2"
"1"," 2"
"1"," 1"
"1"," 2"
"1"," 1"
"1"," 2"
"1"," 1"
"1"," 2"
"1"," 2"
"1"," 1"
"1"," 2"
"1"," 1"
"1"," 1"
"1"," 2"
"1"," 1"
"1"," 2"
"1"," 1"
"1"," 1"
"1"," 2"
"1"," 2"
"1","
"
"1"," [576]"
"1"," 1"
"1"," 2"
"1"," 1"
"1"," 1"
"1"," 1"
"1"," 2"
"1"," 2"
"1"," 1"
"1"," 2"
"1"," 1"
"1"," 2"
"1"," 1"
"1"," 1"
"1"," 1"
"1"," 1"
"1"," 2"
"1"," 2"
"1"," 1"
"1"," 1"
"1"," 2"
"1"," 2"
"1"," 1"
"1"," 1"
"1","
"
"1"," [599]"
"1"," 2"
"1"," 1"
"1"," 2"
"1"," 1"
"1"," 1"
"1"," 1"
"1"," 2"
"1"," 2"
"1"," 1"
"1"," 1"
"1"," 1"
"1"," 1"
"1"," 1"
"1"," 2"
"1"," 2"
"1"," 1"
"1"," 1"
"1"," 2"
"1"," 1"
"1"," 2"
"1"," 2"
"1"," 1"
"1"," 1"
"1","
"
"1"," [622]"
"1"," 2"
"1"," 2"
"1"," 1"
"1"," 1"
"1"," 2"
"1"," 1"
"1"," 2"
"1"," 2"
"1"," 1"
"1"," 1"
"1"," 1"
"1"," 1"
"1"," 1"
"1"," 2"
"1"," 2"
"1"," 1"
"1"," 1"
"1"," 2"
"1"," 2"
"1"," 2"
"1"," 1"
"1"," 1"
"1"," 2"
"1","
"
"1"," [645]"
"1"," 2"
"1"," 1"
"1"," 2"
"1"," 1"
"1"," 2"
"1"," 2"
"1"," 1"
"1"," 2"
"1"," 1"
"1"," 1"
"1"," 2"
"1"," 1"
"1"," 2"
"1"," 2"
"1"," 1"
"1"," 2"
"1"," 1"
"1"," 1"
"1"," 2"
"1"," 2"
"1"," 2"
"1"," 1"
"1"," 1"
"1","
"
"1"," [668]"
"1"," 1"
"1"," 2"
"1"," 1"
"1"," 1"
"1"," 2"
"1"," 1"
"1"," 1"
"1"," 1"
"1"," 2"
"1"," 2"
"1"," 1"
"1"," 2"
"1"," 1"
"1"," 1"
"1"," 2"
"1"," 2"
"1"," 2"
"1"," 2"
"1"," 2"
"1"," 2"
"1"," 1"
"1"," 2"
"1"," 2"
"1","
"
"1"," [691]"
"1"," 1"
"1"," 2"
"1"," 1"
"1"," 2"
"1"," 2"
"1"," 2"
"1"," 2"
"1"," 1"
"1"," 1"
"1"," 2"
"1"," 1"
"1"," 1"
"1"," 1"
"1"," 1"
"1"," 1"
"1"," 1"
"1"," 1"
"1"," 1"
"1"," 2"
"1"," 1"
"1"," 1"
"1"," 1"
"1"," 2"
"1","
"
"1"," [714]"
"1"," 1"
"1"," 1"
"1"," 2"
"1"," 2"
"1"," 1"
"1"," 1"
"1"," 1"
"1"," 1"
"1"," 1"
"1"," 1"
"1"," 2"
"1"," 2"
"1"," 1"
"1"," 1"
"1"," 2"
"1"," 2"
"1"," 1"
"1"," 1"
"1"," 2"
"1"," 1"
"1"," 1"
"1"," 1"
"1"," 1"
"1","
"
"1"," [737]"
"1"," 2"
"1"," 2"
"1"," 2"
"1"," 1"
"1"," 2"
"1"," 1"
"1"," 2"
"1"," 1"
"1"," 1"
"1"," 2"
"1"," 2"
"1"," 1"
"1"," 1"
"1"," 1"
"1"," 2"
"1"," 1"
"1"," 1"
"1"," 2"
"1"," 1"
"1"," 2"
"1"," 1"
"1"," 1"
"1"," 2"
"1","
"
"1"," [760]"
"1"," 1"
"1"," 1"
"1"," 1"
"1"," 1"
"1"," 2"
"1"," 1"
"1"," 1"
"1"," 2"
"1"," 2"
"1"," 2"
"1"," 2"
"1"," 1"
"1"," 2"
"1"," 1"
"1"," 2"
"1"," 1"
"1"," 2"
"1"," 2"
"1"," 1"
"1"," 1"
"1"," 1"
"1"," 2"
"1"," 1"
"1","
"
"1"," [783]"
"1"," 1"
"1"," 1"
"1"," 2"
"1"," 1"
"1"," 1"
"1"," 2"
"1"," 2"
"1"," 1"
"1"," 1"
"1"," 2"
"1"," 1"
"1"," 1"
"1"," 2"
"1"," 1"
"1"," 1"
"1"," 2"
"1"," 1"
"1"," 1"
"1"," 2"
"1"," 2"
"1"," 2"
"1"," 1"
"1"," 1"
"1","
"
"1"," [806]"
"1"," 1"
"1"," 1"
"1"," 2"
"1"," 1"
"1"," 1"
"1"," 2"
"1"," 1"
"1"," 1"
"1"," 1"
"1"," 2"
"1"," 2"
"1"," 2"
"1"," 1"
"1"," 1"
"1"," 1"
"1"," 1"
"1"," 2"
"1"," 2"
"1"," 1"
"1"," 1"
"1"," 1"
"1"," 1"
"1"," 1"
"1","
"
"1"," [829]"
"1"," 2"
"1"," 1"
"1"," 1"
"1"," 1"
"1"," 1"
"1"," 1"
"1"," 2"
"1"," 2"
"1"," 2"
"1"," 1"
"1"," 2"
"1"," 1"
"1"," 1"
"1"," 2"
"1"," 2"
"1"," 2"
"1"," 1"
"1"," 1"
"1"," 1"
"1"," 2"
"1"," 1"
"1"," 1"
"1"," 1"
"1","
"
"1"," [852]"
"1"," 2"
"1"," 1"
"1"," 1"
"1"," 2"
"1"," 1"
"1"," 1"
"1"," 1"
"1"," 2"
"1"," 1"
"1"," 1"
"1"," 1"
"1"," 2"
"1"," 1"
"1"," 1"
"1"," 2"
"1"," 1"
"1"," 1"
"1"," 2"
"1"," 1"
"1"," 1"
"1"," 1"
"1"," 1"
"1"," 2"
"1","
"
"1"," [875]"
"1"," 2"
"1"," 1"
"1"," 1"
"1"," 2"
"1"," 2"
"1"," 1"
"1"," 1"
"1"," 2"
"1"," 1"
"1"," 2"
"1"," 1"
"1"," 2"
"1"," 1"
"1"," 2"
"1"," 1"
"1"," 2"
"1"," 1"
"1"," 1"
"1"," 2"
"1"," 1"
"1"," 2"
"1"," 1"
"1"," 1"
"1","
"
"1"," [898]"
"1"," 1"
"1"," 2"
"1"," 2"
"1"," 2"
"1"," 1"
"1"," 2"
"1"," 2"
"1"," 1"
"1"," 2"
"1"," 2"
"1"," 1"
"1"," 1"
"1"," 1"
"1"," 1"
"1"," 2"
"1"," 2"
"1"," 1"
"1"," 1"
"1"," 2"
"1"," 2"
"1"," 2"
"1"," 1"
"1"," 2"
"1","
"
"1"," [921]"
"1"," 1"
"1"," 1"
"1"," 1"
"1"," 1"
"1"," 1"
"1"," 2"
"1"," 1"
"1"," 2"
"1"," 2"
"1"," 2"
"1"," 1"
"1"," 1"
"1"," 2"
"1"," 1"
"1"," 2"
"1"," 1"
"1"," 1"
"1"," 1"
"1"," 2"
"1"," 2"
"1"," 2"
"1"," 2"
"1"," 1"
"1","
"
"1"," [944]"
"1"," 2"
"1"," 1"
"1"," 2"
"1"," 1"
"1"," 1"
"1"," 1"
"1"," 1"
"1"," 2"
"1"," 1"
"1"," 1"
"1"," 1"
"1"," 2"
"1"," 1"
"1"," 1"
"1"," 1"
"1"," 1"
"1"," 2"
"1"," 2"
"1"," 1"
"1"," 1"
"1"," 1"
"1"," 1"
"1"," 1"
"1","
"
"1"," [967]"
"1"," 1"
"1"," 1"
"1"," 1"
"1"," 2"
"1"," 1"
"1"," 1"
"1"," 2"
"1"," 1"
"1"," 1"
"1"," 2"
"1"," 2"
"1"," 2"
"1"," 2"
"1"," 1"
"1"," 1"
"1"," 1"
"1"," 1"
"1"," 1"
"1"," 1"
"1"," 1"
"1"," 1"
"1"," 1"
"1"," 1"
"1","
"
"1"," [990]"
"1"," 2"
"1"," 1"
"1"," 1"
"1"," 2"
"1"," 1"
"1"," 1"
"1"," 2"
"1"," 1"
"1"," 2"
"1"," 1"
"1"," 1"
"1","
"
"1"," [ reached getOption(""max.print"") -- omitted 29132 entries ]
"
"0","kmeans1$betweenss"
"1","[1]"
"1"," 27242.85"
"1","
"
"0","kmeansclust <- clust_dat %>% mutate(cluster=as.factor(kmeans1$cluster))"
"0","kmeansclust %>% ggplot(aes(months.between.incident.and.death, Age, latitude, longitude, color=cluster)) + geom_point()"
